x-axis,CH2
second,Volt
1.9400e-03,4.6000e-02
1.9450e-03,4.6000e-02
1.9500e-03,4.6000e-02
1.9550e-03,4.6000e-02
1.9600e-03,4.6000e-02
1.9650e-03,4.6000e-02
1.9700e-03,4.6000e-02
1.9750e-03,4.6000e-02
1.9800e-03,4.6000e-02
1.9850e-03,4.6000e-02
1.9900e-03,4.6000e-02
1.9950e-03,4.6000e-02
2.0000e-03,4.6000e-02
2.0050e-03,4.6000e-02
2.0100e-03,4.6000e-02
2.0150e-03,4.6000e-02
2.0200e-03,4.6000e-02
2.0250e-03,4.6000e-02
2.0300e-03,4.6000e-02
2.0350e-03,4.6000e-02
2.0400e-03,4.6000e-02
2.0450e-03,4.6000e-02
2.0500e-03,4.6000e-02
2.0550e-03,4.6000e-02
2.0600e-03,4.6000e-02
2.0650e-03,4.6000e-02
2.0700e-03,4.6000e-02
2.0750e-03,4.6000e-02
2.0800e-03,4.6000e-02
2.0850e-03,4.6000e-02
2.0900e-03,4.6000e-02
2.0950e-03,4.6000e-02
2.1000e-03,4.6000e-02
2.1050e-03,4.6000e-02
2.1100e-03,4.6000e-02
2.1150e-03,4.6000e-02
2.1200e-03,4.6000e-02
2.1250e-03,4.6000e-02
2.1300e-03,4.6000e-02
2.1350e-03,4.6000e-02
2.1400e-03,4.6000e-02
2.1450e-03,4.6000e-02
2.1500e-03,4.6000e-02
2.1550e-03,4.6000e-02
2.1600e-03,4.6000e-02
2.1650e-03,4.6000e-02
2.1700e-03,4.6000e-02
2.1750e-03,4.6000e-02
2.1800e-03,4.6000e-02
2.1850e-03,4.6000e-02
2.1900e-03,4.6000e-02
2.1950e-03,4.6000e-02
2.2000e-03,4.6000e-02
2.2050e-03,4.6000e-02
2.2100e-03,4.6000e-02
2.2150e-03,4.6000e-02
2.2200e-03,4.6000e-02
2.2250e-03,4.6000e-02
2.2300e-03,4.6000e-02
2.2350e-03,4.6000e-02
2.2400e-03,4.6000e-02
2.2450e-03,4.6000e-02
2.2500e-03,4.6000e-02
2.2550e-03,4.6000e-02
2.2600e-03,4.6000e-02
2.2650e-03,4.6000e-02
2.2700e-03,4.6000e-02
2.2750e-03,4.6000e-02
2.2800e-03,4.6000e-02
2.2850e-03,4.6000e-02
2.2900e-03,4.6000e-02
2.2950e-03,4.6000e-02
2.3000e-03,4.6000e-02
2.3050e-03,4.6000e-02
2.3100e-03,4.6000e-02
2.3150e-03,4.6000e-02
2.3200e-03,4.6000e-02
2.3250e-03,4.6000e-02
2.3300e-03,4.6000e-02
2.3350e-03,4.6000e-02
2.3400e-03,4.6000e-02
2.3450e-03,4.6000e-02
2.3500e-03,4.6000e-02
2.3550e-03,4.6000e-02
2.3600e-03,4.6000e-02
2.3650e-03,4.6000e-02
2.3700e-03,4.6000e-02
2.3750e-03,4.6000e-02
2.3800e-03,4.6000e-02
2.3850e-03,4.6000e-02
2.3900e-03,4.6000e-02
2.3950e-03,4.6000e-02
2.4000e-03,4.6000e-02
2.4050e-03,4.6000e-02
2.4100e-03,4.6000e-02
2.4150e-03,4.6000e-02
2.4200e-03,4.6000e-02
2.4250e-03,4.6000e-02
2.4300e-03,4.6000e-02
2.4350e-03,4.6000e-02
2.4400e-03,4.6000e-02
2.4450e-03,4.6000e-02
2.4500e-03,4.6000e-02
2.4550e-03,4.6000e-02
2.4600e-03,4.6000e-02
2.4650e-03,4.6000e-02
2.4700e-03,4.6000e-02
2.4750e-03,4.6000e-02
2.4800e-03,4.6000e-02
2.4850e-03,4.6000e-02
2.4900e-03,4.6000e-02
2.4950e-03,4.6000e-02
2.5000e-03,4.6000e-02
2.5050e-03,4.6000e-02
2.5100e-03,4.6000e-02
2.5150e-03,4.6000e-02
2.5200e-03,4.6000e-02
2.5250e-03,4.6000e-02
2.5300e-03,4.6000e-02
2.5350e-03,4.6000e-02
2.5400e-03,4.6000e-02
2.5450e-03,4.6000e-02
2.5500e-03,4.6000e-02
2.5550e-03,4.6000e-02
2.5600e-03,4.6000e-02
2.5650e-03,4.6000e-02
2.5700e-03,4.6000e-02
2.5750e-03,4.6000e-02
2.5800e-03,4.6000e-02
2.5850e-03,4.6000e-02
2.5900e-03,4.6000e-02
2.5950e-03,4.6000e-02
2.6000e-03,4.6000e-02
2.6050e-03,4.6000e-02
2.6100e-03,4.6000e-02
2.6150e-03,4.6000e-02
2.6200e-03,4.6000e-02
2.6250e-03,4.6000e-02
2.6300e-03,4.6000e-02
2.6350e-03,4.6000e-02
2.6400e-03,4.6000e-02
2.6450e-03,4.6000e-02
2.6500e-03,4.6000e-02
2.6550e-03,4.6000e-02
2.6600e-03,4.6000e-02
2.6650e-03,4.6000e-02
2.6700e-03,4.6000e-02
2.6750e-03,4.6000e-02
2.6800e-03,4.6000e-02
2.6850e-03,4.6000e-02
2.6900e-03,4.6000e-02
2.6950e-03,4.6000e-02
2.7000e-03,4.6000e-02
2.7050e-03,4.6000e-02
2.7100e-03,4.6000e-02
2.7150e-03,4.6000e-02
2.7200e-03,4.6000e-02
2.7250e-03,4.6000e-02
2.7300e-03,4.6000e-02
2.7350e-03,4.6000e-02
2.7400e-03,4.6000e-02
2.7450e-03,4.6000e-02
2.7500e-03,4.6000e-02
2.7550e-03,4.6000e-02
2.7600e-03,4.6000e-02
2.7650e-03,4.6000e-02
2.7700e-03,4.6000e-02
2.7750e-03,4.6000e-02
2.7800e-03,4.6000e-02
2.7850e-03,4.6000e-02
2.7900e-03,4.6000e-02
2.7950e-03,4.6000e-02
2.8000e-03,4.6000e-02
2.8050e-03,4.6000e-02
2.8100e-03,4.6000e-02
2.8150e-03,4.6000e-02
2.8200e-03,4.6000e-02
2.8250e-03,4.6000e-02
2.8300e-03,4.6000e-02
2.8350e-03,4.6000e-02
2.8400e-03,4.6000e-02
2.8450e-03,4.6000e-02
2.8500e-03,4.6000e-02
2.8550e-03,4.6000e-02
2.8600e-03,4.6000e-02
2.8650e-03,4.6000e-02
2.8700e-03,4.6000e-02
2.8750e-03,4.6000e-02
2.8800e-03,4.6000e-02
2.8850e-03,4.6000e-02
2.8900e-03,4.6000e-02
2.8950e-03,4.6000e-02
2.9000e-03,4.6000e-02
2.9050e-03,4.6000e-02
2.9100e-03,4.6000e-02
2.9150e-03,4.6000e-02
2.9200e-03,4.6000e-02
2.9250e-03,4.6000e-02
2.9300e-03,4.6000e-02
2.9350e-03,4.6000e-02
2.9400e-03,4.6000e-02
2.9450e-03,4.6000e-02
2.9500e-03,4.6000e-02
2.9550e-03,4.6000e-02
2.9600e-03,4.6000e-02
2.9650e-03,4.6000e-02
2.9700e-03,4.6000e-02
2.9750e-03,4.6000e-02
2.9800e-03,4.6000e-02
2.9850e-03,4.6000e-02
2.9900e-03,4.6000e-02
2.9950e-03,4.6000e-02
3.0000e-03,4.6000e-02
3.0050e-03,4.6000e-02
3.0100e-03,4.6000e-02
3.0150e-03,4.6000e-02
3.0200e-03,4.6000e-02
3.0250e-03,4.6000e-02
3.0300e-03,4.6000e-02
3.0350e-03,4.6000e-02
3.0400e-03,4.6000e-02
3.0450e-03,4.6000e-02
3.0500e-03,4.6000e-02
3.0550e-03,4.6000e-02
3.0600e-03,4.6000e-02
3.0650e-03,4.6000e-02
3.0700e-03,4.6000e-02
3.0750e-03,4.6000e-02
3.0800e-03,4.6000e-02
3.0850e-03,4.6000e-02
3.0900e-03,4.6000e-02
3.0950e-03,4.6000e-02
3.1000e-03,4.6000e-02
3.1050e-03,4.6000e-02
3.1100e-03,4.6000e-02
3.1150e-03,4.6000e-02
3.1200e-03,4.6000e-02
3.1250e-03,4.6000e-02
3.1300e-03,4.6000e-02
3.1350e-03,4.6000e-02
3.1400e-03,4.6000e-02
3.1450e-03,4.6000e-02
3.1500e-03,4.6000e-02
3.1550e-03,4.6000e-02
3.1600e-03,4.6000e-02
3.1650e-03,4.6000e-02
3.1700e-03,4.6000e-02
3.1750e-03,4.6000e-02
3.1800e-03,4.6000e-02
3.1850e-03,4.6000e-02
3.1900e-03,4.6000e-02
3.1950e-03,4.6000e-02
3.2000e-03,4.6000e-02
3.2050e-03,4.6000e-02
3.2100e-03,4.6000e-02
3.2150e-03,4.6000e-02
3.2200e-03,4.6000e-02
3.2250e-03,4.6000e-02
3.2300e-03,4.6000e-02
3.2350e-03,4.6000e-02
3.2400e-03,4.6000e-02
3.2450e-03,4.6000e-02
3.2500e-03,4.6000e-02
3.2550e-03,4.6000e-02
3.2600e-03,4.6000e-02
3.2650e-03,4.6000e-02
3.2700e-03,4.6000e-02
3.2750e-03,4.6000e-02
3.2800e-03,4.6000e-02
3.2850e-03,4.6000e-02
3.2900e-03,4.6000e-02
3.2950e-03,4.6000e-02
3.3000e-03,4.6000e-02
3.3050e-03,4.6000e-02
3.3100e-03,4.6000e-02
3.3150e-03,4.6000e-02
3.3200e-03,4.6000e-02
3.3250e-03,4.6000e-02
3.3300e-03,4.6000e-02
3.3350e-03,4.6000e-02
3.3400e-03,4.6000e-02
3.3450e-03,4.6000e-02
3.3500e-03,4.6000e-02
3.3550e-03,4.6000e-02
3.3600e-03,4.6000e-02
3.3650e-03,4.6000e-02
3.3700e-03,4.6000e-02
3.3750e-03,4.6000e-02
3.3800e-03,4.6000e-02
3.3850e-03,4.6000e-02
3.3900e-03,4.6000e-02
3.3950e-03,4.6000e-02
3.4000e-03,4.6000e-02
3.4050e-03,4.6000e-02
3.4100e-03,4.6000e-02
3.4150e-03,4.6000e-02
3.4200e-03,4.6000e-02
3.4250e-03,4.6000e-02
3.4300e-03,4.6000e-02
3.4350e-03,4.6000e-02
3.4400e-03,4.6000e-02
3.4450e-03,4.6000e-02
3.4500e-03,4.6000e-02
3.4550e-03,4.6000e-02
3.4600e-03,4.6000e-02
3.4650e-03,4.6000e-02
3.4700e-03,4.6000e-02
3.4750e-03,4.6000e-02
3.4800e-03,4.6000e-02
3.4850e-03,4.6000e-02
3.4900e-03,4.6000e-02
3.4950e-03,4.6000e-02
3.5000e-03,4.6000e-02
3.5050e-03,4.6000e-02
3.5100e-03,4.6000e-02
3.5150e-03,4.6000e-02
3.5200e-03,4.6000e-02
3.5250e-03,4.6000e-02
3.5300e-03,4.6000e-02
3.5350e-03,4.6000e-02
3.5400e-03,4.6000e-02
3.5450e-03,4.6000e-02
3.5500e-03,4.6000e-02
3.5550e-03,4.6000e-02
3.5600e-03,4.6000e-02
3.5650e-03,4.6000e-02
3.5700e-03,4.6000e-02
3.5750e-03,4.6000e-02
3.5800e-03,4.6000e-02
3.5850e-03,4.6000e-02
3.5900e-03,4.6000e-02
3.5950e-03,4.6000e-02
3.6000e-03,4.6000e-02
3.6050e-03,4.6000e-02
3.6100e-03,4.6000e-02
3.6150e-03,4.6000e-02
3.6200e-03,4.6000e-02
3.6250e-03,4.6000e-02
3.6300e-03,4.6000e-02
3.6350e-03,4.6000e-02
3.6400e-03,4.6000e-02
3.6450e-03,4.6000e-02
3.6500e-03,4.6000e-02
3.6550e-03,4.6000e-02
3.6600e-03,4.6000e-02
3.6650e-03,4.6000e-02
3.6700e-03,4.6000e-02
3.6750e-03,4.6000e-02
3.6800e-03,4.6000e-02
3.6850e-03,4.6000e-02
3.6900e-03,4.6000e-02
3.6950e-03,4.6000e-02
3.7000e-03,4.6000e-02
3.7050e-03,4.6000e-02
3.7100e-03,4.6000e-02
3.7150e-03,4.6000e-02
3.7200e-03,4.6000e-02
3.7250e-03,4.6000e-02
3.7300e-03,4.6000e-02
3.7350e-03,4.6000e-02
3.7400e-03,4.6000e-02
3.7450e-03,4.6000e-02
3.7500e-03,4.6000e-02
3.7550e-03,4.6000e-02
3.7600e-03,4.6000e-02
3.7650e-03,4.6000e-02
3.7700e-03,4.6000e-02
3.7750e-03,4.6000e-02
3.7800e-03,4.6000e-02
3.7850e-03,4.6000e-02
3.7900e-03,4.6000e-02
3.7950e-03,4.6000e-02
3.8000e-03,4.6000e-02
3.8050e-03,4.6000e-02
3.8100e-03,4.6000e-02
3.8150e-03,4.6000e-02
3.8200e-03,4.6000e-02
3.8250e-03,4.6000e-02
3.8300e-03,4.6000e-02
3.8350e-03,4.6000e-02
3.8400e-03,4.6000e-02
3.8450e-03,4.6000e-02
3.8500e-03,4.6000e-02
3.8550e-03,4.6000e-02
3.8600e-03,4.6000e-02
3.8650e-03,4.6000e-02
3.8700e-03,4.6000e-02
3.8750e-03,4.6000e-02
3.8800e-03,4.6000e-02
3.8850e-03,4.6000e-02
3.8900e-03,4.6000e-02
3.8950e-03,4.6000e-02
3.9000e-03,4.6000e-02
3.9050e-03,4.6000e-02
3.9100e-03,4.6000e-02
3.9150e-03,4.6000e-02
3.9200e-03,4.6000e-02
3.9250e-03,4.6000e-02
3.9300e-03,4.6000e-02
3.9350e-03,4.6000e-02
3.9400e-03,4.6000e-02
3.9450e-03,4.6000e-02
3.9500e-03,4.6000e-02
3.9550e-03,4.6000e-02
3.9600e-03,4.6000e-02
3.9650e-03,4.6000e-02
3.9700e-03,4.6000e-02
3.9750e-03,4.6000e-02
3.9800e-03,4.6000e-02
3.9850e-03,4.6000e-02
3.9900e-03,4.6000e-02
3.9950e-03,4.6000e-02
4.0000e-03,4.6000e-02
4.0050e-03,4.6000e-02
4.0100e-03,4.6000e-02
4.0150e-03,4.6000e-02
4.0200e-03,4.6000e-02
4.0250e-03,4.6000e-02
4.0300e-03,4.6000e-02
4.0350e-03,4.6000e-02
4.0400e-03,4.6000e-02
4.0450e-03,4.6000e-02
4.0500e-03,4.6000e-02
4.0550e-03,4.6000e-02
4.0600e-03,4.6000e-02
4.0650e-03,4.6000e-02
4.0700e-03,4.6000e-02
4.0750e-03,4.6000e-02
4.0800e-03,4.6000e-02
4.0850e-03,4.6000e-02
4.0900e-03,4.6000e-02
4.0950e-03,4.6000e-02
4.1000e-03,4.6000e-02
4.1050e-03,4.6000e-02
4.1100e-03,4.6000e-02
4.1150e-03,4.6000e-02
4.1200e-03,4.6000e-02
4.1250e-03,4.6000e-02
4.1300e-03,4.6000e-02
4.1350e-03,4.6000e-02
4.1400e-03,4.6000e-02
4.1450e-03,4.6000e-02
4.1500e-03,4.6000e-02
4.1550e-03,4.6000e-02
4.1600e-03,4.6000e-02
4.1650e-03,4.6000e-02
4.1700e-03,4.6000e-02
4.1750e-03,4.6000e-02
4.1800e-03,4.6000e-02
4.1850e-03,4.6000e-02
4.1900e-03,4.6000e-02
4.1950e-03,4.6000e-02
4.2000e-03,4.6000e-02
4.2050e-03,4.6000e-02
4.2100e-03,4.6000e-02
4.2150e-03,4.6000e-02
4.2200e-03,4.6000e-02
4.2250e-03,4.6000e-02
4.2300e-03,4.6000e-02
4.2350e-03,4.6000e-02
4.2400e-03,4.6000e-02
4.2450e-03,4.6000e-02
4.2500e-03,4.6000e-02
4.2550e-03,4.6000e-02
4.2600e-03,4.6000e-02
4.2650e-03,4.6000e-02
4.2700e-03,4.6000e-02
4.2750e-03,4.6000e-02
4.2800e-03,4.6000e-02
4.2850e-03,4.6000e-02
4.2900e-03,4.6000e-02
4.2950e-03,4.6000e-02
4.3000e-03,4.6000e-02
4.3050e-03,4.6000e-02
4.3100e-03,4.6000e-02
4.3150e-03,4.6000e-02
4.3200e-03,4.6000e-02
4.3250e-03,4.6000e-02
4.3300e-03,4.6000e-02
4.3350e-03,4.6000e-02
4.3400e-03,4.6000e-02
4.3450e-03,4.6000e-02
4.3500e-03,4.6000e-02
4.3550e-03,4.6000e-02
4.3600e-03,4.6000e-02
4.3650e-03,4.6000e-02
4.3700e-03,4.6000e-02
4.3750e-03,4.6000e-02
4.3800e-03,4.6000e-02
4.3850e-03,4.6000e-02
4.3900e-03,4.6000e-02
4.3950e-03,4.6000e-02
4.4000e-03,4.6000e-02
4.4050e-03,4.6000e-02
4.4100e-03,4.6000e-02
4.4150e-03,4.6000e-02
4.4200e-03,4.6000e-02
4.4250e-03,4.6000e-02
4.4300e-03,4.6000e-02
4.4350e-03,4.6000e-02
4.4400e-03,4.6000e-02
4.4450e-03,4.6000e-02
4.4500e-03,4.6000e-02
4.4550e-03,4.6000e-02
4.4600e-03,4.6000e-02
4.4650e-03,4.6000e-02
4.4700e-03,4.6000e-02
4.4750e-03,4.6000e-02
4.4800e-03,4.6000e-02
4.4850e-03,4.6000e-02
4.4900e-03,4.6000e-02
4.4950e-03,4.6000e-02
4.5000e-03,4.6000e-02
4.5050e-03,4.6000e-02
4.5100e-03,4.6000e-02
4.5150e-03,4.6000e-02
4.5200e-03,4.6000e-02
4.5250e-03,4.6000e-02
4.5300e-03,4.6000e-02
4.5350e-03,4.6000e-02
4.5400e-03,4.6000e-02
4.5450e-03,4.6000e-02
4.5500e-03,4.6000e-02
4.5550e-03,4.6000e-02
4.5600e-03,4.6000e-02
4.5650e-03,4.6000e-02
4.5700e-03,4.6000e-02
4.5750e-03,4.6000e-02
4.5800e-03,4.6000e-02
4.5850e-03,4.6000e-02
4.5900e-03,4.6000e-02
4.5950e-03,4.6000e-02
4.6000e-03,4.6000e-02
4.6050e-03,4.6000e-02
4.6100e-03,4.6000e-02
4.6150e-03,4.6000e-02
4.6200e-03,4.6000e-02
4.6250e-03,4.6000e-02
4.6300e-03,4.6000e-02
4.6350e-03,4.6000e-02
4.6400e-03,4.6000e-02
4.6450e-03,4.6000e-02
4.6500e-03,4.6000e-02
4.6550e-03,4.6000e-02
4.6600e-03,4.6000e-02
4.6650e-03,4.6000e-02
4.6700e-03,4.6000e-02
4.6750e-03,4.6000e-02
4.6800e-03,4.6000e-02
4.6850e-03,4.6000e-02
4.6900e-03,4.6000e-02
4.6950e-03,4.6000e-02
4.7000e-03,4.6000e-02
4.7050e-03,4.6000e-02
4.7100e-03,4.6000e-02
4.7150e-03,4.6000e-02
4.7200e-03,4.6000e-02
4.7250e-03,4.6000e-02
4.7300e-03,4.6000e-02
4.7350e-03,4.6000e-02
4.7400e-03,4.6000e-02
4.7450e-03,4.6000e-02
4.7500e-03,4.6000e-02
4.7550e-03,4.6000e-02
4.7600e-03,4.6000e-02
4.7650e-03,4.6000e-02
4.7700e-03,4.6000e-02
4.7750e-03,4.6000e-02
4.7800e-03,4.6000e-02
4.7850e-03,4.6000e-02
4.7900e-03,4.6000e-02
4.7950e-03,4.6000e-02
4.8000e-03,4.6000e-02
4.8050e-03,4.6000e-02
4.8100e-03,4.6000e-02
4.8150e-03,4.6000e-02
4.8200e-03,4.6000e-02
4.8250e-03,4.6000e-02
4.8300e-03,4.6000e-02
4.8350e-03,4.6000e-02
4.8400e-03,4.6000e-02
4.8450e-03,4.6000e-02
4.8500e-03,4.6000e-02
4.8550e-03,4.6000e-02
4.8600e-03,4.6000e-02
4.8650e-03,4.6000e-02
4.8700e-03,4.6000e-02
4.8750e-03,4.6000e-02
4.8800e-03,4.6000e-02
4.8850e-03,4.6000e-02
4.8900e-03,4.6000e-02
4.8950e-03,4.6000e-02
4.9000e-03,4.6000e-02
4.9050e-03,4.6000e-02
4.9100e-03,4.6000e-02
4.9150e-03,4.6000e-02
4.9200e-03,4.6000e-02
4.9250e-03,4.6000e-02
4.9300e-03,4.6000e-02
4.9350e-03,4.6000e-02
4.9400e-03,4.6000e-02
4.9450e-03,4.6000e-02
4.9500e-03,4.6000e-02
4.9550e-03,4.6000e-02
4.9600e-03,4.6000e-02
4.9650e-03,4.6000e-02
4.9700e-03,4.6000e-02
4.9750e-03,4.6000e-02
4.9800e-03,4.6000e-02
4.9850e-03,4.6000e-02
4.9900e-03,4.6000e-02
4.9950e-03,4.6000e-02
5.0000e-03,4.6000e-02
5.0050e-03,4.6000e-02
5.0100e-03,4.6000e-02
5.0150e-03,4.6000e-02
5.0200e-03,4.6000e-02
5.0250e-03,4.6000e-02
5.0300e-03,4.6000e-02
5.0350e-03,4.6000e-02
5.0400e-03,4.6000e-02
5.0450e-03,4.6000e-02
5.0500e-03,4.6000e-02
5.0550e-03,4.6000e-02
5.0600e-03,4.6000e-02
5.0650e-03,4.6000e-02
5.0700e-03,4.6000e-02
5.0750e-03,4.6000e-02
5.0800e-03,4.6000e-02
5.0850e-03,4.6000e-02
5.0900e-03,4.6000e-02
5.0950e-03,4.6000e-02
5.1000e-03,4.6000e-02
5.1050e-03,4.6000e-02
5.1100e-03,4.6000e-02
5.1150e-03,4.6000e-02
5.1200e-03,4.6000e-02
5.1250e-03,4.6000e-02
5.1300e-03,4.6000e-02
5.1350e-03,4.6000e-02
5.1400e-03,4.6000e-02
5.1450e-03,4.6000e-02
5.1500e-03,4.6000e-02
5.1550e-03,4.6000e-02
5.1600e-03,4.6000e-02
5.1650e-03,4.6000e-02
5.1700e-03,4.6000e-02
5.1750e-03,4.6000e-02
5.1800e-03,4.6000e-02
5.1850e-03,4.6000e-02
5.1900e-03,4.6000e-02
5.1950e-03,4.6000e-02
5.2000e-03,4.6000e-02
5.2050e-03,4.6000e-02
5.2100e-03,4.6000e-02
5.2150e-03,4.6000e-02
5.2200e-03,4.6000e-02
5.2250e-03,4.6000e-02
5.2300e-03,4.6000e-02
5.2350e-03,4.6000e-02
5.2400e-03,4.6000e-02
5.2450e-03,4.6000e-02
5.2500e-03,4.6000e-02
5.2550e-03,4.6000e-02
5.2600e-03,4.6000e-02
5.2650e-03,4.6000e-02
5.2700e-03,4.6000e-02
5.2750e-03,4.6000e-02
5.2800e-03,4.6000e-02
5.2850e-03,4.6000e-02
5.2900e-03,4.6000e-02
5.2950e-03,4.6000e-02
5.3000e-03,4.6000e-02
5.3050e-03,4.6000e-02
5.3100e-03,4.6000e-02
5.3150e-03,4.6000e-02
5.3200e-03,4.6000e-02
5.3250e-03,4.6000e-02
5.3300e-03,4.6000e-02
5.3350e-03,4.6000e-02
5.3400e-03,4.6000e-02
5.3450e-03,4.6000e-02
5.3500e-03,4.6000e-02
5.3550e-03,4.6000e-02
5.3600e-03,4.6000e-02
5.3650e-03,4.6000e-02
5.3700e-03,4.6000e-02
5.3750e-03,4.6000e-02
5.3800e-03,4.6000e-02
5.3850e-03,4.6000e-02
5.3900e-03,4.6000e-02
5.3950e-03,4.6000e-02
5.4000e-03,4.6000e-02
5.4050e-03,4.6000e-02
5.4100e-03,4.6000e-02
5.4150e-03,4.6000e-02
5.4200e-03,4.6000e-02
5.4250e-03,4.6000e-02
5.4300e-03,4.6000e-02
5.4350e-03,4.6000e-02
5.4400e-03,4.6000e-02
5.4450e-03,4.6000e-02
5.4500e-03,4.6000e-02
5.4550e-03,4.6000e-02
5.4600e-03,4.6000e-02
5.4650e-03,4.6000e-02
5.4700e-03,4.6000e-02
5.4750e-03,4.6000e-02
5.4800e-03,4.6000e-02
5.4850e-03,4.6000e-02
5.4900e-03,4.6000e-02
5.4950e-03,4.6000e-02
5.5000e-03,4.6000e-02
5.5050e-03,4.6000e-02
5.5100e-03,4.6000e-02
5.5150e-03,4.6000e-02
5.5200e-03,4.6000e-02
5.5250e-03,4.6000e-02
5.5300e-03,4.6000e-02
5.5350e-03,4.6000e-02
5.5400e-03,4.6000e-02
5.5450e-03,4.6000e-02
5.5500e-03,4.6000e-02
5.5550e-03,4.6000e-02
5.5600e-03,4.6000e-02
5.5650e-03,4.6000e-02
5.5700e-03,4.6000e-02
5.5750e-03,4.6000e-02
5.5800e-03,4.6000e-02
5.5850e-03,4.6000e-02
5.5900e-03,4.6000e-02
5.5950e-03,4.6000e-02
5.6000e-03,4.6000e-02
5.6050e-03,4.6000e-02
5.6100e-03,2.9200e-02
5.6150e-03,3.7600e-02
5.6200e-03,3.2000e-03
5.6250e-03,1.8000e-02
5.6300e-03,-6.4000e-03
5.6350e-03,2.4000e-03
5.6400e-03,-2.4800e-02
5.6450e-03,-1.5200e-02
5.6500e-03,-4.2000e-02
5.6550e-03,-3.4800e-02
5.6600e-03,-4.2000e-02
5.6650e-03,-4.2000e-02
5.6700e-03,-4.2000e-02
5.6750e-03,-4.2000e-02
5.6800e-03,-4.2000e-02
5.6850e-03,-4.2000e-02
5.6900e-03,-4.2000e-02
5.6950e-03,-4.2000e-02
5.7000e-03,-4.2000e-02
5.7050e-03,-4.2000e-02
5.7100e-03,-4.2000e-02
5.7150e-03,-4.2000e-02
5.7200e-03,-4.2000e-02
5.7250e-03,-4.2000e-02
5.7300e-03,-4.2000e-02
5.7350e-03,-4.2000e-02
5.7400e-03,-4.2000e-02
5.7450e-03,-4.2000e-02
5.7500e-03,-4.2000e-02
5.7550e-03,-4.2000e-02
5.7600e-03,-4.2000e-02
5.7650e-03,-4.2000e-02
5.7700e-03,-4.2000e-02
5.7750e-03,-4.2000e-02
5.7800e-03,-4.2000e-02
5.7850e-03,-4.2000e-02
5.7900e-03,-4.2000e-02
5.7950e-03,-4.2000e-02
5.8000e-03,-4.2000e-02
5.8050e-03,-4.2000e-02
5.8100e-03,-4.2000e-02
5.8150e-03,-4.2000e-02
5.8200e-03,-4.2000e-02
5.8250e-03,-4.2000e-02
5.8300e-03,-4.2000e-02
5.8350e-03,-4.2000e-02
5.8400e-03,-4.2000e-02
5.8450e-03,-4.2000e-02
5.8500e-03,-4.2000e-02
5.8550e-03,-4.2000e-02
5.8600e-03,-4.2000e-02
5.8650e-03,-4.2000e-02
5.8700e-03,-4.2000e-02
5.8750e-03,-4.2000e-02
5.8800e-03,-4.2000e-02
5.8850e-03,-4.2000e-02
5.8900e-03,-4.2000e-02
5.8950e-03,-4.2000e-02
5.9000e-03,-4.2000e-02
5.9050e-03,-4.2000e-02
5.9100e-03,-4.2000e-02
5.9150e-03,-4.2000e-02
5.9200e-03,-4.2000e-02
5.9250e-03,-4.2000e-02
5.9300e-03,-4.2000e-02
5.9350e-03,-4.2000e-02
5.9400e-03,-4.2000e-02
5.9450e-03,-4.2000e-02
5.9500e-03,-4.2000e-02
5.9550e-03,-4.2000e-02
5.9600e-03,-4.2000e-02
5.9650e-03,-4.2000e-02
5.9700e-03,-4.2000e-02
5.9750e-03,-4.2000e-02
5.9800e-03,-4.2000e-02
5.9850e-03,-4.2000e-02
5.9900e-03,-4.2000e-02
5.9950e-03,-4.2000e-02
6.0000e-03,-4.2000e-02
6.0050e-03,-4.2000e-02
6.0100e-03,-4.2000e-02
6.0150e-03,-4.2000e-02
6.0200e-03,-4.2000e-02
6.0250e-03,-4.2000e-02
6.0300e-03,-4.2000e-02
6.0350e-03,-4.2000e-02
6.0400e-03,-4.2000e-02
6.0450e-03,-4.2000e-02
6.0500e-03,-4.2000e-02
6.0550e-03,-4.2000e-02
6.0600e-03,-4.2000e-02
6.0650e-03,-4.2000e-02
6.0700e-03,-4.2000e-02
6.0750e-03,-4.2000e-02
6.0800e-03,-4.2000e-02
6.0850e-03,-4.2000e-02
6.0900e-03,-4.2000e-02
6.0950e-03,-4.2000e-02
6.1000e-03,-4.2000e-02
6.1050e-03,-4.2000e-02
6.1100e-03,-4.2000e-02
6.1150e-03,-4.2000e-02
6.1200e-03,-4.2000e-02
6.1250e-03,-4.2000e-02
6.1300e-03,-4.2000e-02
6.1350e-03,-4.2000e-02
6.1400e-03,-4.2000e-02
6.1450e-03,-4.2000e-02
6.1500e-03,-4.2000e-02
6.1550e-03,-4.2000e-02
6.1600e-03,-4.2000e-02
6.1650e-03,-4.2000e-02
6.1700e-03,-4.2000e-02
6.1750e-03,-4.2000e-02
6.1800e-03,-4.2000e-02
6.1850e-03,-4.2000e-02
6.1900e-03,-4.2000e-02
6.1950e-03,-4.2000e-02
6.2000e-03,-4.2000e-02
6.2050e-03,-4.2000e-02
6.2100e-03,-4.2000e-02
6.2150e-03,-4.2000e-02
6.2200e-03,-4.2000e-02
6.2250e-03,-4.2000e-02
6.2300e-03,-4.2000e-02
6.2350e-03,-4.2000e-02
6.2400e-03,-4.2000e-02
6.2450e-03,-4.2000e-02
6.2500e-03,-4.2000e-02
6.2550e-03,-4.2000e-02
6.2600e-03,-4.2000e-02
6.2650e-03,-4.2000e-02
6.2700e-03,-4.2000e-02
6.2750e-03,-4.2000e-02
6.2800e-03,-4.2000e-02
6.2850e-03,-4.2000e-02
6.2900e-03,-4.2000e-02
6.2950e-03,-4.2000e-02
6.3000e-03,-4.2000e-02
6.3050e-03,-4.2000e-02
6.3100e-03,-4.2000e-02
6.3150e-03,-4.2000e-02
6.3200e-03,-4.2000e-02
6.3250e-03,-4.2000e-02
6.3300e-03,-4.2000e-02
6.3350e-03,-4.2000e-02
6.3400e-03,-4.2000e-02
6.3450e-03,-4.2000e-02
6.3500e-03,-4.2000e-02
6.3550e-03,-4.2000e-02
6.3600e-03,-4.2000e-02
6.3650e-03,-4.2000e-02
6.3700e-03,-4.2000e-02
6.3750e-03,-4.2000e-02
6.3800e-03,-4.2000e-02
6.3850e-03,-4.2000e-02
6.3900e-03,-4.2000e-02
6.3950e-03,-4.2000e-02
6.4000e-03,-4.2000e-02
6.4050e-03,-4.2000e-02
6.4100e-03,-4.2000e-02
6.4150e-03,-4.2000e-02
6.4200e-03,-4.2000e-02
6.4250e-03,-4.2000e-02
6.4300e-03,-4.2000e-02
6.4350e-03,-4.2000e-02
6.4400e-03,-4.2000e-02
6.4450e-03,-4.2000e-02
6.4500e-03,-4.2000e-02
6.4550e-03,-4.2000e-02
6.4600e-03,-4.2000e-02
6.4650e-03,-4.2000e-02
6.4700e-03,-4.2000e-02
6.4750e-03,-4.2000e-02
6.4800e-03,-4.2000e-02
6.4850e-03,-4.2000e-02
6.4900e-03,-4.2000e-02
6.4950e-03,-4.2000e-02
6.5000e-03,-4.2000e-02
6.5050e-03,-4.2000e-02
6.5100e-03,-4.2000e-02
6.5150e-03,-4.2000e-02
6.5200e-03,-4.2000e-02
6.5250e-03,-4.2000e-02
6.5300e-03,-4.2000e-02
6.5350e-03,-4.2000e-02
6.5400e-03,-4.2000e-02
6.5450e-03,-4.2000e-02
6.5500e-03,-4.2000e-02
6.5550e-03,-4.2000e-02
6.5600e-03,-4.2000e-02
6.5650e-03,-4.2000e-02
6.5700e-03,-4.2000e-02
6.5750e-03,-4.2000e-02
6.5800e-03,-4.2000e-02
6.5850e-03,-4.2000e-02
6.5900e-03,-4.2000e-02
6.5950e-03,-4.2000e-02
6.6000e-03,-4.2000e-02
6.6050e-03,-4.2000e-02
6.6100e-03,-4.2000e-02
6.6150e-03,-4.2000e-02
6.6200e-03,-4.2000e-02
6.6250e-03,-4.2000e-02
6.6300e-03,-4.2000e-02
6.6350e-03,-4.2000e-02
6.6400e-03,-4.2000e-02
6.6450e-03,-4.2000e-02
6.6500e-03,-4.2000e-02
6.6550e-03,-4.2000e-02
6.6600e-03,-4.2000e-02
6.6650e-03,-4.2000e-02
6.6700e-03,-4.2000e-02
6.6750e-03,-4.2000e-02
6.6800e-03,-4.2000e-02
6.6850e-03,-4.2000e-02
6.6900e-03,-4.2000e-02
6.6950e-03,-4.2000e-02
6.7000e-03,-4.2000e-02
6.7050e-03,-4.2000e-02
6.7100e-03,-4.2000e-02
6.7150e-03,-4.2000e-02
6.7200e-03,-4.2000e-02
6.7250e-03,-4.2000e-02
6.7300e-03,-4.2000e-02
6.7350e-03,-4.2000e-02
6.7400e-03,-4.2000e-02
6.7450e-03,-4.2000e-02
6.7500e-03,-4.2000e-02
6.7550e-03,-4.2000e-02
6.7600e-03,-4.2000e-02
6.7650e-03,-4.2000e-02
6.7700e-03,-4.2000e-02
6.7750e-03,-4.2000e-02
6.7800e-03,-4.2000e-02
6.7850e-03,-4.2000e-02
6.7900e-03,-4.2000e-02
6.7950e-03,-4.2000e-02
6.8000e-03,-4.2000e-02
6.8050e-03,-4.2000e-02
6.8100e-03,-4.2000e-02
6.8150e-03,-4.2000e-02
6.8200e-03,-4.2000e-02
6.8250e-03,-4.2000e-02
6.8300e-03,-4.2000e-02
6.8350e-03,-4.2000e-02
6.8400e-03,-4.2000e-02
6.8450e-03,-4.2000e-02
6.8500e-03,-4.2000e-02
6.8550e-03,-4.2000e-02
6.8600e-03,-4.2000e-02
6.8650e-03,-4.2000e-02
6.8700e-03,-4.2000e-02
6.8750e-03,-4.2000e-02
6.8800e-03,-4.2000e-02
6.8850e-03,-4.2000e-02
6.8900e-03,-4.2000e-02
6.8950e-03,-4.2000e-02
6.9000e-03,-4.2000e-02
6.9050e-03,-4.2000e-02
6.9100e-03,-4.2000e-02
6.9150e-03,-4.2000e-02
6.9200e-03,-4.2000e-02
6.9250e-03,-4.2000e-02
6.9300e-03,-4.2000e-02
6.9350e-03,-4.2000e-02
6.9400e-03,-4.2000e-02
6.9450e-03,-4.2000e-02
6.9500e-03,-4.2000e-02
6.9550e-03,-4.2000e-02
6.9600e-03,-4.2000e-02
6.9650e-03,-4.2000e-02
6.9700e-03,-4.2000e-02
6.9750e-03,-4.2000e-02
6.9800e-03,-4.2000e-02
6.9850e-03,-4.2000e-02
6.9900e-03,-4.2000e-02
6.9950e-03,-4.2000e-02
7.0000e-03,-4.2000e-02
7.0050e-03,-4.2000e-02
7.0100e-03,-4.2000e-02
7.0150e-03,-4.2000e-02
7.0200e-03,-4.2000e-02
7.0250e-03,-4.2000e-02
7.0300e-03,-4.2000e-02
7.0350e-03,-4.2000e-02
7.0400e-03,-4.2000e-02
7.0450e-03,-4.2000e-02
7.0500e-03,-4.2000e-02
7.0550e-03,-4.2000e-02
7.0600e-03,-4.2000e-02
7.0650e-03,-4.2000e-02
7.0700e-03,-4.2000e-02
7.0750e-03,-4.2000e-02
7.0800e-03,-4.2000e-02
7.0850e-03,-4.2000e-02
7.0900e-03,-4.2000e-02
7.0950e-03,-4.2000e-02
7.1000e-03,-4.2000e-02
7.1050e-03,-4.2000e-02
7.1100e-03,-4.2000e-02
7.1150e-03,-4.2000e-02
7.1200e-03,-4.2000e-02
7.1250e-03,-4.2000e-02
7.1300e-03,-4.2000e-02
7.1350e-03,-4.2000e-02
7.1400e-03,-4.2000e-02
7.1450e-03,-4.2000e-02
7.1500e-03,-4.2000e-02
7.1550e-03,-4.2000e-02
7.1600e-03,-4.2000e-02
7.1650e-03,-4.2000e-02
7.1700e-03,-4.2000e-02
7.1750e-03,-4.2000e-02
7.1800e-03,-4.2000e-02
7.1850e-03,-4.2000e-02
7.1900e-03,-4.2000e-02
7.1950e-03,-4.2000e-02
7.2000e-03,-4.2000e-02
7.2050e-03,-4.2000e-02
7.2100e-03,-4.2000e-02
7.2150e-03,-4.2000e-02
7.2200e-03,-4.2000e-02
7.2250e-03,-4.2000e-02
7.2300e-03,-4.2000e-02
7.2350e-03,-4.2000e-02
7.2400e-03,-4.2000e-02
7.2450e-03,-4.2000e-02
7.2500e-03,-4.2000e-02
7.2550e-03,-4.2000e-02
7.2600e-03,-4.2000e-02
7.2650e-03,-4.2000e-02
7.2700e-03,-4.2000e-02
7.2750e-03,-4.2000e-02
7.2800e-03,-4.2000e-02
7.2850e-03,-4.2000e-02
7.2900e-03,-4.2000e-02
7.2950e-03,-4.2000e-02
7.3000e-03,-4.2000e-02
7.3050e-03,-4.2000e-02
7.3100e-03,-4.2000e-02
7.3150e-03,-4.2000e-02
7.3200e-03,-4.2000e-02
7.3250e-03,-4.2000e-02
7.3300e-03,-4.2000e-02
7.3350e-03,-4.2000e-02
7.3400e-03,-4.2000e-02
7.3450e-03,-4.2000e-02
7.3500e-03,-4.2000e-02
7.3550e-03,-4.2000e-02
7.3600e-03,-4.2000e-02
7.3650e-03,-4.2000e-02
7.3700e-03,-4.2000e-02
7.3750e-03,-4.2000e-02
7.3800e-03,-4.2000e-02
7.3850e-03,-4.2000e-02
7.3900e-03,-4.2000e-02
7.3950e-03,-4.2000e-02
7.4000e-03,-4.2000e-02
7.4050e-03,-4.2000e-02
7.4100e-03,-4.2000e-02
7.4150e-03,-4.2000e-02
7.4200e-03,-4.2000e-02
7.4250e-03,-4.2000e-02
7.4300e-03,-4.2000e-02
7.4350e-03,-4.2000e-02
7.4400e-03,-4.2000e-02
7.4450e-03,-4.2000e-02
7.4500e-03,-4.2000e-02
7.4550e-03,-4.2000e-02
7.4600e-03,-4.2000e-02
7.4650e-03,-4.2000e-02
7.4700e-03,-4.2000e-02
7.4750e-03,-4.2000e-02
7.4800e-03,-4.2000e-02
7.4850e-03,-4.2000e-02
7.4900e-03,-4.2000e-02
7.4950e-03,-4.2000e-02
7.5000e-03,-4.2000e-02
7.5050e-03,-4.2000e-02
7.5100e-03,-4.2000e-02
7.5150e-03,-4.2000e-02
7.5200e-03,-4.2000e-02
7.5250e-03,-4.2000e-02
7.5300e-03,-4.2000e-02
7.5350e-03,-4.2000e-02
7.5400e-03,-4.2000e-02
7.5450e-03,-4.2000e-02
7.5500e-03,-4.2000e-02
7.5550e-03,-4.2000e-02
7.5600e-03,-4.2000e-02
7.5650e-03,-4.2000e-02
7.5700e-03,-4.2000e-02
7.5750e-03,-4.2000e-02
7.5800e-03,-4.2000e-02
7.5850e-03,-4.2000e-02
7.5900e-03,-4.2000e-02
7.5950e-03,-4.2000e-02
7.6000e-03,-4.2000e-02
7.6050e-03,-4.2000e-02
7.6100e-03,-4.2000e-02
7.6150e-03,-4.2000e-02
7.6200e-03,-4.2000e-02
7.6250e-03,-4.2000e-02
7.6300e-03,-4.2000e-02
7.6350e-03,-4.2000e-02
7.6400e-03,-4.2000e-02
7.6450e-03,-4.2000e-02
7.6500e-03,-4.2000e-02
7.6550e-03,-4.2000e-02
7.6600e-03,-4.2000e-02
7.6650e-03,-4.2000e-02
7.6700e-03,-4.2000e-02
7.6750e-03,-4.2000e-02
7.6800e-03,-4.2000e-02
7.6850e-03,-4.2000e-02
7.6900e-03,-4.2000e-02
7.6950e-03,-4.2000e-02
7.7000e-03,-4.2000e-02
7.7050e-03,-4.2000e-02
7.7100e-03,-4.2000e-02
7.7150e-03,-4.2000e-02
7.7200e-03,-4.2000e-02
7.7250e-03,-4.2000e-02
7.7300e-03,-4.2000e-02
7.7350e-03,-4.2000e-02
7.7400e-03,-4.2000e-02
7.7450e-03,-4.2000e-02
7.7500e-03,-4.2000e-02
7.7550e-03,-4.2000e-02
7.7600e-03,-4.2000e-02
7.7650e-03,-4.2000e-02
7.7700e-03,-4.2000e-02
7.7750e-03,-4.2000e-02
7.7800e-03,-4.2000e-02
7.7850e-03,-4.2000e-02
7.7900e-03,-4.2000e-02
7.7950e-03,-4.2000e-02
7.8000e-03,-4.2000e-02
7.8050e-03,-4.2000e-02
7.8100e-03,-4.2000e-02
7.8150e-03,-4.2000e-02
7.8200e-03,-4.2000e-02
7.8250e-03,-4.2000e-02
7.8300e-03,-4.2000e-02
7.8350e-03,-4.2000e-02
7.8400e-03,-4.2000e-02
7.8450e-03,-4.2000e-02
7.8500e-03,-4.2000e-02
7.8550e-03,-4.2000e-02
7.8600e-03,-4.2000e-02
7.8650e-03,-4.2000e-02
7.8700e-03,-4.2000e-02
7.8750e-03,-4.2000e-02
7.8800e-03,-4.2000e-02
7.8850e-03,-4.2000e-02
7.8900e-03,-4.2000e-02
7.8950e-03,-4.2000e-02
7.9000e-03,-4.2000e-02
7.9050e-03,-4.2000e-02
7.9100e-03,-4.2000e-02
7.9150e-03,-4.2000e-02
7.9200e-03,-4.2000e-02
7.9250e-03,-4.2000e-02
7.9300e-03,-4.2000e-02
7.9350e-03,-4.2000e-02
